"PartNumber","Sequence","Usage","AssetPath","AssetUrl","Name","ShortDescription","LongDescription","LanguageID","Delete"
"1168219P","3","IMAGES","","images/1/1/6/1168219_B.jpg","Back of pack","Neutrafluor Mouthwash Alcohol Free","Back of pack of Neutrafluor Mouthwash Alcohol Free","","0"
"1168219P","3","ZOOM","","images/1/1/6/1168219_B-zm.jpg","Back of pack","Neutrafluor Mouthwash Alcohol Free","Back of pack of Neutrafluor Mouthwash Alcohol Free","","0"
"1168219P","0","ZOOM","","images/1/1/6/1168219-zm.jpg","Product Image","Neutrafluor Mouthwash Alcohol Free","Product Image of Neutrafluor Mouthwash Alcohol Free","","0"
"1168219P","3","THUMBNAIL","","images/1/1/6/1168219_B-th.jpg","Back of pack","Neutrafluor Mouthwash Alcohol Free","Back of pack of Neutrafluor Mouthwash Alcohol Free","","0"
"156542P","0","ZOOM","","images/1/5/6/156542-zm.jpg","Product Image","Lychees Loose","Product Image of Lychees Loose","","0"
"1728062P","0","ZOOM","","images/1/7/2/1728062-zm.jpg","Product Image","Kitchen Beef Lasagne","Product Image of Kitchen Beef Lasagne","","0"
"1728200P","0","ZOOM","","images/1/7/2/1728200-zm.jpg","Product Image","Kitchen Macaroni Cheese","Product Image of Kitchen Macaroni Cheese","","0"
"2222819P","1","THUMBNAIL","","images/2/2/2/2222819_L-th.jpg","Left side of pack","Maximum Cavity Protection Junior Toothpaste","Left side of pack of Maximum Cavity Protection Junior Toothpaste","","0"
"2222819P","1","IMAGES","","images/2/2/2/2222819_L.jpg","Left side of pack","Maximum Cavity Protection Junior Toothpaste","Left side of pack of Maximum Cavity Protection Junior Toothpaste","","0"
"2222819P","3","ZOOM","","images/2/2/2/2222819_B-zm.jpg","Back of pack","Maximum Cavity Protection Junior Toothpaste","Back of pack of Maximum Cavity Protection Junior Toothpaste","","0"
"2222819P","1","ZOOM","","images/2/2/2/2222819_L-zm.jpg","Left side of pack","Maximum Cavity Protection Junior Toothpaste","Left side of pack of Maximum Cavity Protection Junior Toothpaste","","0"
"2222819P","0","ZOOM","","images/2/2/2/2222819-zm.jpg","Product Image","Maximum Cavity Protection Junior Toothpaste","Product Image of Maximum Cavity Protection Junior Toothpaste","","0"
"2222819P","3","THUMBNAIL","","images/2/2/2/2222819_B-th.jpg","Back of pack","Maximum Cavity Protection Junior Toothpaste","Back of pack of Maximum Cavity Protection Junior Toothpaste","","0"
"2222819P","3","IMAGES","","images/2/2/2/2222819_B.jpg","Back of pack","Maximum Cavity Protection Junior Toothpaste","Back of pack of Maximum Cavity Protection Junior Toothpaste","","0"
"2222819P","2","THUMBNAIL","","images/2/2/2/2222819_R-th.jpg","Right side of pack","Maximum Cavity Protection Junior Toothpaste","Right side of pack of Maximum Cavity Protection Junior Toothpaste","","0"
"2222819P","2","IMAGES","","images/2/2/2/2222819_R.jpg","Right side of pack","Maximum Cavity Protection Junior Toothpaste","Right side of pack of Maximum Cavity Protection Junior Toothpaste","","0"
"2222819P","2","ZOOM","","images/2/2/2/2222819_R-zm.jpg","Right side of pack","Maximum Cavity Protection Junior Toothpaste","Right side of pack of Maximum Cavity Protection Junior Toothpaste","","0"
"2276920P","0","ZOOM","","images/2/2/7/2276920-zm.jpg","Product Image","Soleil Simply Lady Shaver","Product Image of Soleil Simply Lady Shaver","","0"
"2310949P","0","ZOOM","","images/2/3/1/2310949-zm.jpg","Product Image","Kitchen Green Beans","Product Image of Kitchen Green Beans","","0"
"2389600P","0","ZOOM","","images/2/3/8/2389600-zm.jpg","Product Image","Kitchen Chicken Biryani","Product Image of Kitchen Chicken Biryani","","0"
"2674650P","0","ZOOM","","images/2/6/7/2674650-zm.jpg","Product Image","Kitchen Carrot & Broccoli Florets","Product Image of Kitchen Carrot & Broccoli Florets","","0"
"2680755P","0","ZOOM","","images/2/6/8/2680755-zm.jpg","Product Image","Kitchen Bolognese Bake","Product Image of Kitchen Bolognese Bake","","0"
"2680766P","0","ZOOM","","images/2/6/8/2680766-zm.jpg","Product Image","Kitchen Chicken & Bacon Pasta Bake","Product Image of Kitchen Chicken & Bacon Pasta Bake","","0"
"2680802P","0","ZOOM","","images/2/6/8/2680802-zm.jpg","Product Image","Kitchen Spaghetti Carbonara","Product Image of Kitchen Spaghetti Carbonara","","0"
"2680802P","3","IMAGES","","images/2/6/8/2680802_B.jpg","Back of pack","Kitchen Spaghetti Carbonara","Back of pack of Kitchen Spaghetti Carbonara","","0"
"2680802P","3","ZOOM","","images/2/6/8/2680802_B-zm.jpg","Back of pack","Kitchen Spaghetti Carbonara","Back of pack of Kitchen Spaghetti Carbonara","","0"
"2680802P","3","THUMBNAIL","","images/2/6/8/2680802_B-th.jpg","Back of pack","Kitchen Spaghetti Carbonara","Back of pack of Kitchen Spaghetti Carbonara","","0"
"2875095P","0","ZOOM","","images/2/8/7/2875095-zm.jpg","Product Image","Kitchen Special Fried Rice","Product Image of Kitchen Special Fried Rice","","0"
"2875109P","0","ZOOM","","images/2/8/7/2875109-zm.jpg","Product Image","Kitchen Chicken Singapore Noodle","Product Image of Kitchen Chicken Singapore Noodle","","0"
"2875110P","0","ZOOM","","images/2/8/7/2875110-zm.jpg","Product Image","Kitchen Thai Green Chicken Curry With Rice","Product Image of Kitchen Thai Green Chicken Curry With Rice","","0"
"2875120P","3","THUMBNAIL","","images/2/8/7/2875120_B-th.jpg","Back of pack","Kitchen Beef Massaman Curry With Rice","Back of pack of Kitchen Beef Massaman Curry With Rice","","0"
"2875120P","3","ZOOM","","images/2/8/7/2875120_B-zm.jpg","Back of pack","Kitchen Beef Massaman Curry With Rice","Back of pack of Kitchen Beef Massaman Curry With Rice","","0"
"2875120P","0","ZOOM","","images/2/8/7/2875120-zm.jpg","Product Image","Kitchen Beef Massaman Curry With Rice","Product Image of Kitchen Beef Massaman Curry With Rice","","0"
"2875120P","3","IMAGES","","images/2/8/7/2875120_B.jpg","Back of pack","Kitchen Beef Massaman Curry With Rice","Back of pack of Kitchen Beef Massaman Curry With Rice","","0"
"2877523P","0","ZOOM","","images/2/8/7/2877523-zm.jpg","Product Image","Kitchen Chicken Tikka Masala With Rice","Product Image of Kitchen Chicken Tikka Masala With Rice","","0"
"2877523P","3","IMAGES","","images/2/8/7/2877523_B.jpg","Back of pack","Kitchen Chicken Tikka Masala With Rice","Back of pack of Kitchen Chicken Tikka Masala With Rice","","0"
"2877523P","3","ZOOM","","images/2/8/7/2877523_B-zm.jpg","Back of pack","Kitchen Chicken Tikka Masala With Rice","Back of pack of Kitchen Chicken Tikka Masala With Rice","","0"
"2877523P","3","THUMBNAIL","","images/2/8/7/2877523_B-th.jpg","Back of pack","Kitchen Chicken Tikka Masala With Rice","Back of pack of Kitchen Chicken Tikka Masala With Rice","","0"
"3401631P","3","IMAGES","","images/3/4/0/3401631_B.jpg","Back of pack","Dry Mouth Relief Mouthwash","Back of pack of Dry Mouth Relief Mouthwash","","0"
"3401631P","0","ZOOM","","images/3/4/0/3401631-zm.jpg","Product Image","Dry Mouth Relief Mouthwash","Product Image of Dry Mouth Relief Mouthwash","","0"
"3401631P","3","THUMBNAIL","","images/3/4/0/3401631_B-th.jpg","Back of pack","Dry Mouth Relief Mouthwash","Back of pack of Dry Mouth Relief Mouthwash","","0"
"3401631P","3","ZOOM","","images/3/4/0/3401631_B-zm.jpg","Back of pack","Dry Mouth Relief Mouthwash","Back of pack of Dry Mouth Relief Mouthwash","","0"
"3467968P","0","ZOOM","","images/3/4/6/3467968-zm.jpg","Product Image","Kitchen Braised Beef & Mash","Product Image of Kitchen Braised Beef & Mash","","0"
"3467990P","0","ZOOM","","images/3/4/6/3467990-zm.jpg","Product Image","Kitchen Pumpkin Risotto","Product Image of Kitchen Pumpkin Risotto","","0"
"3468064P","0","ZOOM","","images/3/4/6/3468064-zm.jpg","Product Image","Kitchen Black Bean Chicken & Egg Fried Rice","Product Image of Kitchen Black Bean Chicken & Egg Fried Rice","","0"
"3468075P","0","ZOOM","","images/3/4/6/3468075-zm.jpg","Product Image","Kitchen Thai Red Vegetable Curry & Rice","Product Image of Kitchen Thai Red Vegetable Curry & Rice","","0"
"3468144P","0","ZOOM","","images/3/4/6/3468144-zm.jpg","Product Image","Kitchen Lamb Rogan Josh With Rice","Product Image of Kitchen Lamb Rogan Josh With Rice","","0"
"3742202P","0","ZOOM","","images/3/7/4/3742202-zm.jpg","Product Image","Blackberries","Product Image of Blackberries","","0"
"3771109P","0","ZOOM","","images/3/7/7/3771109-zm.jpg","Product Image","Kitchen Beef Stroganoff & Rice","Product Image of Kitchen Beef Stroganoff & Rice","","0"
"3771197P","0","ZOOM","","images/3/7/7/3771197-zm.jpg","Product Image","Kitchen Cottage Pie","Product Image of Kitchen Cottage Pie","","0"
"3771255P","0","ZOOM","","images/3/7/7/3771255-zm.jpg","Product Image","Kitchen Chicken Risotto","Product Image of Kitchen Chicken Risotto","","0"
"3771266P","0","ZOOM","","images/3/7/7/3771266-zm.jpg","Product Image","Kitchen Spaghetti Bolognese","Product Image of Kitchen Spaghetti Bolognese","","0"
"3771277P","0","ZOOM","","images/3/7/7/3771277-zm.jpg","Product Image","Kitchen Spinach & Ricotta Cannelloni","Product Image of Kitchen Spinach & Ricotta Cannelloni","","0"
"3771357P","0","ZOOM","","images/3/7/7/3771357-zm.jpg","Product Image","Kitchen Beef Madras & Rice","Product Image of Kitchen Beef Madras & Rice","","0"
"3771368P","0","ZOOM","","images/3/7/7/3771368-zm.jpg","Product Image","Kitchen Chicken Korma & Rice","Product Image of Kitchen Chicken Korma & Rice","","0"
"3841930P","0","ZOOM","","images/3/8/4/3841930-zm.jpg","Product Image","Red Blend 750mL","Product Image of Red Blend 750mL","","0"
"3850577P","3","ZOOM","","images/3/8/5/3850577_B-zm.jpg","Back of pack","Dry Shiitake","Back of pack of Dry Shiitake","","0"
"3850577P","0","ZOOM","","images/3/8/5/3850577-zm.jpg","Product Image","Dry Shiitake","Product Image of Dry Shiitake","","0"
"3850577P","3","THUMBNAIL","","images/3/8/5/3850577_B-th.jpg","Back of pack","Dry Shiitake","Back of pack of Dry Shiitake","","0"
"3850577P","3","IMAGES","","images/3/8/5/3850577_B.jpg","Back of pack","Dry Shiitake","Back of pack of Dry Shiitake","","0"
"3878736P","0","ZOOM","","images/3/8/7/3878736-zm.jpg","Product Image","Kitchen Family Vegetable Medley","Product Image of Kitchen Family Vegetable Medley","","0"
"3878736P","3","THUMBNAIL","","images/3/8/7/3878736_B-th.jpg","Back of pack","Kitchen Family Vegetable Medley","Back of pack of Kitchen Family Vegetable Medley","","0"
"3878736P","3","IMAGES","","images/3/8/7/3878736_B.jpg","Back of pack","Kitchen Family Vegetable Medley","Back of pack of Kitchen Family Vegetable Medley","","0"
"3878736P","3","ZOOM","","images/3/8/7/3878736_B-zm.jpg","Back of pack","Kitchen Family Vegetable Medley","Back of pack of Kitchen Family Vegetable Medley","","0"
"3902885P","0","ZOOM","","images/3/9/0/3902885-zm.jpg","Product Image","Kitchen Balanced Beef & Bean Burrito Bowl","Product Image of Kitchen Balanced Beef & Bean Burrito Bowl","","0"
"3902896P","0","ZOOM","","images/3/9/0/3902896-zm.jpg","Product Image","Kitchen Balanced Chicken Cacciatore Pasta","Product Image of Kitchen Balanced Chicken Cacciatore Pasta","","0"
"3903334P","0","ZOOM","","images/3/9/0/3903334-zm.jpg","Product Image","Kitchen Balanced Butter Chicken With Grains","Product Image of Kitchen Balanced Butter Chicken With Grains","","0"
"3903345P","0","ZOOM","","images/3/9/0/3903345-zm.jpg","Product Image","Kitchen Balanced Coconut Chicken Curry With Grains","Product Image of Kitchen Balanced Coconut Chicken Curry With Grains","","0"
"3903356P","0","ZOOM","","images/3/9/0/3903356-zm.jpg","Product Image","Kitchen Pesto Chicken & Pasta","Product Image of Kitchen Pesto Chicken & Pasta","","0"
"3903367P","0","ZOOM","","images/3/9/0/3903367-zm.jpg","Product Image","Kitchen Chicken Teriyaki Noodles","Product Image of Kitchen Chicken Teriyaki Noodles","","0"
"3903389P","0","ZOOM","","images/3/9/0/3903389-zm.jpg","Product Image","Kitchen Beef Ravioli With Mushroom Sauce","Product Image of Kitchen Beef Ravioli With Mushroom Sauce","","0"
"3903425P","0","ZOOM","","images/3/9/0/3903425-zm.jpg","Product Image","Spinach & Ricotta Agnolotti With Mediterranean Sauce","Product Image of Spinach & Ricotta Agnolotti With Mediterranean Sauce","","0"
"3903458P","0","ZOOM","","images/3/9/0/3903458-zm.jpg","Product Image","Kitchen Gnocchi Pesto Sundried Tomato","Product Image of Kitchen Gnocchi Pesto Sundried Tomato","","0"
"3905089P","0","ZOOM","","images/3/9/0/3905089-zm.jpg","Product Image","Kitchen Balanced Thai Green Chicken Curry With Rice","Product Image of Kitchen Balanced Thai Green Chicken Curry With Rice","","0"
"3928652P","0","ZOOM","","images/3/9/2/3928652-zm.jpg","Product Image","Brabander Raw","Product Image of Brabander Raw","","0"
"3928754P","0","ZOOM","","images/3/9/2/3928754-zm.jpg","Product Image","Australian Frozen Blueberries","Product Image of Australian Frozen Blueberries","","0"
"3935691P","0","ZOOM","","images/3/9/3/3935691-zm.jpg","Product Image","French Aged Goats Cheese","Product Image of French Aged Goats Cheese","","0"
"4205264P","0","ZOOM","","images/4/2/0/4205264-zm.jpg","Product Image","Watermelon Seedless Whole","Product Image of Watermelon Seedless Whole","","0"
"6916241P","3","THUMBNAIL","","images/6/9/1/6916241_B-th.jpg","Back of pack","Peroxyl Oral Cleanser Mouthwash","Back of pack of Peroxyl Oral Cleanser Mouthwash","","0"
"6916241P","3","ZOOM","","images/6/9/1/6916241_B-zm.jpg","Back of pack","Peroxyl Oral Cleanser Mouthwash","Back of pack of Peroxyl Oral Cleanser Mouthwash","","0"
"6916241P","0","ZOOM","","images/6/9/1/6916241-zm.jpg","Product Image","Peroxyl Oral Cleanser Mouthwash","Product Image of Peroxyl Oral Cleanser Mouthwash","","0"
"6916241P","3","IMAGES","","images/6/9/1/6916241_B.jpg","Back of pack","Peroxyl Oral Cleanser Mouthwash","Back of pack of Peroxyl Oral Cleanser Mouthwash","","0"
"7118188P","0","ZOOM","","images/7/1/1/7118188-zm.jpg","Product Image","Cheese Twisties 6 pack","Product Image of Cheese Twisties 6 pack","","0"
"7118188P","3","THUMBNAIL","","images/7/1/1/7118188_B-th.jpg","Back of pack","Cheese Twisties 6 pack","Back of pack of Cheese Twisties 6 pack","","0"
"7118188P","3","IMAGES","","images/7/1/1/7118188_B.jpg","Back of pack","Cheese Twisties 6 pack","Back of pack of Cheese Twisties 6 pack","","0"
"7118188P","3","ZOOM","","images/7/1/1/7118188_B-zm.jpg","Back of pack","Cheese Twisties 6 pack","Back of pack of Cheese Twisties 6 pack","","0"
"7156915P","0","ZOOM","","images/7/1/5/7156915-zm.jpg","Product Image","Kitchen Butter Chicken","Product Image of Kitchen Butter Chicken","","0"
"7325091P","0","ZOOM","","images/7/3/2/7325091-zm.jpg","Product Image","Kitchen Butter Chicken With Rice","Product Image of Kitchen Butter Chicken With Rice","","0"
"7519906P","3","THUMBNAIL","","images/7/5/1/7519906_B-th.jpg","Back of pack","Savacol Original Mouthwash","Back of pack of Savacol Original Mouthwash","","0"
"7519906P","1","THUMBNAIL","","images/7/5/1/7519906_L-th.jpg","Left side of pack","Savacol Original Mouthwash","Left side of pack of Savacol Original Mouthwash","","0"
"7519906P","3","IMAGES","","images/7/5/1/7519906_B.jpg","Back of pack","Savacol Original Mouthwash","Back of pack of Savacol Original Mouthwash","","0"
"7519906P","1","IMAGES","","images/7/5/1/7519906_L.jpg","Left side of pack","Savacol Original Mouthwash","Left side of pack of Savacol Original Mouthwash","","0"
"7519906P","3","ZOOM","","images/7/5/1/7519906_B-zm.jpg","Back of pack","Savacol Original Mouthwash","Back of pack of Savacol Original Mouthwash","","0"
"7519906P","0","ZOOM","","images/7/5/1/7519906-zm.jpg","Product Image","Savacol Original Mouthwash","Product Image of Savacol Original Mouthwash","","0"
"7519906P","1","ZOOM","","images/7/5/1/7519906_L-zm.jpg","Left side of pack","Savacol Original Mouthwash","Left side of pack of Savacol Original Mouthwash","","0"
"8156025P","0","ZOOM","","images/8/1/5/8156025-zm.jpg","Product Image","Cheese & Bacon Balls 6 pack","Product Image of Cheese & Bacon Balls 6 pack","","0"
"8156025P","3","THUMBNAIL","","images/8/1/5/8156025_B-th.jpg","Back of pack","Cheese & Bacon Balls 6 pack","Back of pack of Cheese & Bacon Balls 6 pack","","0"
"8156025P","3","ZOOM","","images/8/1/5/8156025_B-zm.jpg","Back of pack","Cheese & Bacon Balls 6 pack","Back of pack of Cheese & Bacon Balls 6 pack","","0"
"8156025P","3","IMAGES","","images/8/1/5/8156025_B.jpg","Back of pack","Cheese & Bacon Balls 6 pack","Back of pack of Cheese & Bacon Balls 6 pack","","0"
