ADMIN_NAME_REGION,SKUS
20012021_54349674_L''OREAL SHAMP OR COND 2FOR$12_26012021_DSV1_ColesStorefrontAssetStore,2321526P;3047827P;3047850P;3047860P;3047882P;3047907P;3047929P;3047930P;3047951P;3156083P;3156094P;3156108P;3156119P;3422370P;3422460P;3610450P;3610460P;3610471P;3721166P
13012021_54340758_MEAT MIX AND MATCH 2 FOR $12_19012021_DSV1_ColesStorefrontAssetStore,3898948P
06012021_54340763_MEAT MIX AND MATCH 2 FOR $12_12012021_DSV1_ColesStorefrontAssetStore,3898948P
20012021_54349676_L''OREAL TREATMENTS 2FOR$20_26012021_DSV1_ColesStorefrontAssetStore,3156120P;9936530P
13012021_54256457_ARNOTTS CCS NCC GCIRCLE 2F$5_19012021_DSV1_ColesStorefrontAssetStore,3948693P;3949492P;3961647P;3961658P
