"PartNumber","Type","Sequence","ParentGroupIdentifier","ParentPartNumber","Name","ShortDescription","LongDescription","Thumbnail","FullImage","Weight","WeightMeasure","Length","Width","Height","SizeMeasure","Published","ManufacturerName","Keyword","OnSpecial","Buyable","InStoreOnly","Delete"
"3974015P","Product","0","1.3.1229.1.2","","DOUBLE LENGTH","KLEENEX ECO TOILET T","","images/3/9/7/3974015-th.jpg","images/3/9/7/3974015.jpg","1.184","kg","","","","","1","KLEENEX ECO TOILET TISSUE","3974015 9310088014419 8 PACK 8PACK","0","0","1","0"
"4193981P","Product","0","1.3.7030.11.1","","PRE PACK 03 FEB 2021","MAYBELLINE PRE PACK","","images/4/1/9/4193981-th.jpg","images/4/1/9/4193981.jpg","3.83","kg","","","","","1","MAYBELLINE","4193981 9344329219257 1 EACH 1EACH","0","0","1","0"
"3974682P","Product","0","1.3.1229.1.2","","DOUBLE LENGTH","SORBENT TOILET TISSU","","images/3/9/7/3974682-th.jpg","images/3/9/7/3974682.jpg","0.7","kg","","","","","1","SORBENT TOILET TISSUE","3974682 9310004121177 12 PACK 12PACK","0","0","1","0"
"3973941P","Product","0","1.3.1229.1.2","","TOILET TISSUE","KLEENEX ECO TOILET T","","images/3/9/7/3973941-th.jpg","images/3/9/7/3973941.jpg","0.306","kg","","","","","1","KLEENEX ECO","3973941 9310088014396 4 PACK 4PACK","0","0","1","0"
"3953671P","Product","0","1.3.1229.1.2","","RECYCLED TOILET TISSUE","COLES SO SOFT 3 PLY","","images/3/9/5/3953671-th.jpg","images/3/9/5/3953671.jpg","0.09","kg","","","","","1","COLES SO SOFT 3PLY","3953671 9310645327808 12 PACK 12PACK","0","0","1","0"
"3950389P","Product","0","1.2.1762.10.1","","SPANISH TOMATO & LENTIL","HEINZ PLANT PROTEINZ","","images/3/9/5/3950389-th.jpg","images/3/9/5/3950389.jpg","0.33","kg","","","","","1","HEINZ PLANT PROTEINZ SOUP","3950389 9300657225476 330 GRAM 330GRAM","0","0","1","0"
"3948922P","Product","0","1.2.1762.10.1","","MEXICAN STY CORN W BEAN","Heinz Plant Proteinz","","images/3/9/4/3948922-th.jpg","images/3/9/4/3948922.jpg","0.33","kg","","","","","1","HEINZ PLANT PROTEINZ SOUP","3948922 9300657225452 330 GRAM 330GRAM","0","0","1","0"
"3948911P","Product","0","1.2.1762.10.1","","LENTIL & SW POTATO DAHL","HEINZ PLANT PROTEINZ","","images/3/9/4/3948911-th.jpg","images/3/9/4/3948911.jpg","0.33","kg","","","","","1","HEINZ PLANT PROTEINZ SOUP","3948911 9300657225445 330 GRAM 330GRAM","0","0","1","0"
"3948150P","Product","0","1.2.1762.10.1","","CASHEW SOUP POUCH","HART & SOUL CAULIFLO","","images/3/9/4/3948150-th.jpg","images/3/9/4/3948150.jpg","0.4","kg","","","","","1","HART & SOUL CAULIFLOWER &","3948150 9350007001366 400 GRAM 400GRAM","0","0","1","0"
"3947566P","Product","0","1.2.1762.4.4","","CONE BRTH MUSHROOM SOUP","Campbells Country La","","images/3/9/4/3947566-th.jpg","images/3/9/4/3947566.jpg","0.505","kg","","","","","1","CAMPBELLS COUNTRY LADLE","3947566 9300644705400 505 GRAM 505GRAM","0","0","1","0"
"3947555P","Product","0","1.2.1762.4.4","","BONE BRTH PUMPKIN SOUP","Campbells Country La","","images/3/9/4/3947555-th.jpg","images/3/9/4/3947555.jpg","0.505","kg","","","","","1","CAMPBELLS COUNTRY LADLE","3947555 9300644705431 505 GRAM 505GRAM","0","0","1","0"
"3947500P","Product","0","1.2.1762.4.4","","BONE BRTH CHK BEAN SOUP","Campbells Country La","","images/3/9/4/3947500-th.jpg","images/3/9/4/3947500.jpg","0.505","kg","","","","","1","CAMPBELLS COUNTRY LADLE","3947500 9300644705417 505 GRAM 505GRAM","0","0","1","0"
"3946406P","Product","0","8.19.7719.12.1","","26L AIR FRYER OVEN","GERMANICA 25L AIR FR","","images/3/9/4/3946406-th.jpg","images/3/9/4/3946406.jpg","","","","","","","1","GERMANICA","3946406 9351521006677 1 EACH 1EACH","0","0","1","0"
"3943656P","Product","0","1.2.1762.10.1","","7 VEG & 3 BEAN SOUP","COLES POUCH TUSCAN S","","images/3/9/4/3943656-th.jpg","images/3/9/4/3943656.jpg","0.44","kg","","","","","1","COLES POUCH TUSCAN STYLE","3943656 9310645327532 430 GRAM 430GRAM","0","0","1","0"
"8368464P","Product","0","5.13.4079.1.1","","Fruit Free Hot Cross Buns","","-","images/8/3/6/8368464-th.jpg","images/8/3/6/8368464.jpg","0.36","KGM","","","","","1","Coles"," ","0","1","0","0"
"3942653P","Product","0","1.2.1762.1.5","","TOMATO & BASIL W CROUTONS","COLES 2 SERVE SOUP C","","images/3/9/4/3942653-th.jpg","images/3/9/4/3942653.jpg","0.07","kg","","","","","1","COLES 2 SERVE SOUP CREAMY","3942653 9310645327051 60 GRAM 60GRAM","0","0","1","0"
"3928594P","Product","0","8.19.7719.12.1","","THERAPY BALL","MASSAGE THERAPY BALL","","images/3/9/2/3928594-th.jpg","images/3/9/2/3928594.jpg","","","","","","","1","SPORTSLIFE MASSAGE","3928594 9333527608680 2 PACK 2PACK","0","0","1","0"
"3928572P","Product","0","8.19.7719.12.1","","SLAM BALL 8KG","8KG SLAM BALL","","images/3/9/2/3928572-th.jpg","images/3/9/2/3928572.jpg","","","","","","","1","SPORTSLIFE","3928572 9333527608666 1 EACH 1EACH","0","0","1","0"
"3928540P","Product","0","8.19.7719.12.1","","ADJUSTABLE WEIGHT VEST","10KG ADJUSTABLE WEIG","","images/3/9/2/3928540-th.jpg","images/3/9/2/3928540.jpg","","","","","","","1","SPORTSLIFE 10KG","3928540 9333527608642 1 EACH 1EACH","0","0","1","0"
"3928528P","Product","0","8.19.7719.12.1","","YOGA MAT ROLLER","3 IN 1 FOAM ROLLER W","","images/3/9/2/3928528-th.jpg","images/3/9/2/3928528.jpg","","","","","","","1","SPORTSLIFE 3 IN 1","3928528 9333527608628 1 SET 1SET","0","0","1","0"
"3919913P","Product","0","1.3.1229.1.2","","TOILET TISSUE DBL LENGTH","COLES SO SOFT TOILET","","images/3/9/1/3919913-th.jpg","images/3/9/1/3919913.jpg","1.7","kg","","","","","1","COLES SO SOFT  3PLY","3919913 9310645324319 8 PACK 8PACK","0","0","1","0"
"3780303P","Product","0","1.2.1908.4.6","","Coco Pops White Chocolate Flavour","","Coco Pops is the tasty breakfast treat that kids have loved for generations and now it's available in white choc flavour!<br /><br />Kellogg's Coco Pops White Choc Flavour is a white choc flavoured puffed rice cereal that contains no artificial colours, flavours or preservatives.<br /><br />Enjoy with ice cold milk or as a crispy delicious snack. Why not surprise the kids with an afternoon treat of Coco Pops White Choc Flavour?<br /><br />Just like a white choc milkshake... only crunchy!<li>Source of 4 vitamins - including B2, Niacin, B6 & Folate</li><li>Source of Iron</li><li>Source of Zinc</li><li>No artificial colours</li><li>No artificial flavours</li><li>No preservatives.</li>","images/3/7/8/3780303-th.jpg","images/3/7/8/3780303.jpg","0.37","KGM","","","","","1","Kellogg's"," ","0","1","0","0"
"3770795P","Product","0","2.5.1755.1.9","","Sliced Smoked Salmon","","","images/3/7/7/3770795-th.jpg","images/3/7/7/3770795.jpg","0.2","KGM","","","","","1","Ocean Blue"," ","0","1","0","0"
"3716177P","Product","0","1.2.1762.2.1","","SOUP POTATO & LEEK","CONTINENTAL SENSATIO","","images/3/7/1/3716177-th.jpg","images/3/7/1/3716177.jpg","0.06","kg","","","","","1","CONTINENTAL SENSATIONS 2S","3716177 9300830057542 60 GRAM 60GRAM","0","0","1","0"
"3668110P","Product","0","1.3.1182.1.3","","Gold Cigarettes","Prices include all taxes","","images/C/i/g/Cigarettes-th.jpg","images/C/i/g/Cigarettes.jpg","0.1","KGM","","","","","1","Rothmans","3668110 Smokes 400003566075qxz 40 pack 40pack","0","1","0","0"
"3505896P","Product","0","1.2.1762.2.2","","CHICKEN NOODLE CUP","HART & SOUL SOUP CHI","","images/3/5/0/3505896-th.jpg","images/3/5/0/3505896.jpg","0.1","kg","","","","","1","HART & SOUL SOUP","3505896 9350007001076 100 GRAM 100GRAM","0","0","1","0"
"3505706P","Product","0","1.2.1762.2.2","","PHO CUP","HART & SOUL SOUP PHO","","images/3/5/0/3505706-th.jpg","images/3/5/0/3505706.jpg","0.1","kg","","","","","1","HART & SOUL SOUP","3505706 9350007001311 100 GRAM 100GRAM","0","0","1","0"
"3270715P","Product","0","1.2.1762.4.1","","LENTIL SOUP POUCH","HART & SOUL COCONUT","","images/3/2/7/3270715-th.jpg","images/3/2/7/3270715.jpg","0.4","kg","","","","","1","HART & SOUL COCONUT","3270715 9350007005562 400 GRAM 400GRAM","0","0","1","0"
"3270657P","Product","0","1.2.1762.4.1","","SOUP POUCH","HART & SOUL LAKSA SO","","images/3/2/7/3270657-th.jpg","images/3/2/7/3270657.jpg","0.4","kg","","","","","1","HART & SOUL LAKSA","3270657 9350007002226 400 GRAM 400GRAM","0","0","1","0"
"2846745P","Product","0","2.5.1755.1.11","","Sliced Smoked Salmon","","","images/2/8/4/2846745-th.jpg","images/2/8/4/2846745.jpg","0.07","KGM","","","","","1","Ocean Blue"," ","0","1","0","0"
"2740766P","Product","0","2.5.1755.2.1","","Sliced Smoked Ocean Trout","","","images/2/7/4/2740766-th.jpg","images/2/7/4/2740766.jpg","0.12","KGM","","","","","1","Ocean Blue"," ","0","1","0","0"
"4882003P","Product","0","5.13.4079.1.1","","Chocolate Hot Cross Buns","","-","images/4/8/8/4882003-th.jpg","images/4/8/8/4882003.jpg","0.2","KGM","","","","","1","Coles"," ","0","1","0","0"
"3995784P","Product","0","1.1.1335.2.1","","SWEET CHILLI 5 PACK","RED ROCK DELI POTATO","","images/3/9/9/3995784-th.jpg","images/3/9/9/3995784.jpg","0.14","kg","","","","","1","RED ROCK DELI CHIPS","3995784 9310015250552 140 GRAM 140GRAM","0","0","1","0"
"3186561P","Product","0","2.5.1960.3.1","","Probiotic Filmjolk Yoghurt Natural","","<p>Maintain healthy gut flora and regulate your digestive system with Rokeby Farms Filmjolk Probiotic Natural Milk. It's a traditional cultured milk from Sweden that dates back to the Viking days, made with fresh milk sourced from local Gippsland farms. It contains 15 live and active cultures and 50+ billion good bacteria per serve. </p> <ul> <li>No powders and added sugar</li><li>Fermented the authentic Swedish way</li> <li>Packed with protein and calcium</li> <li>Gluten-free</li> <li>Made in Australia from at least 99% Australian ingredients</li> </ul>","images/3/1/8/3186561-th.jpg","images/3/1/8/3186561.jpg","0.77","KGM","","","","","1","Rokeby Farms","3186561  9336243004712qxz 750 ml 750ml","0","1","0","0"
"3995773P","Product","0","1.1.1335.2.1","","HONEY SOY CHICKEN 5 PACK","RED ROCK DELI POTATO","","images/3/9/9/3995773-th.jpg","images/3/9/9/3995773.jpg","0.14","kg","","","","","1","RED ROCK DELI CHIPS","3995773 9310015250545 140 GRAM 140GRAM","0","0","1","0"
"3991105P","Product","0","2.5.1779.4.6","","BLUEBERRYDANISH","SARA LEE BLUEBERRY D","","images/3/9/9/3991105-th.jpg","images/3/9/9/3991105.jpg","0.4","kg","","","","","1","SARA LEE","3991105 9310135165880 400 GRAM 400GRAM","0","0","1","0"
"3978774P","Product","0","1.3.1229.1.2","","TOILET TISSUE","QUILTON ROYAL 3PLY T","","images/3/9/7/3978774-th.jpg","images/3/9/7/3978774.jpg","1.3","kg","","","","","1","QUILTON ROYAL 3PLY","3978774 9311505816340 16 PACK 16PACK","0","0","1","0"
"3974730P","Product","0","1.3.1229.1.2","","HYPO ALLERG FLUSH WIPES","SORBENT TOILET TISSU","","images/3/9/7/3974730-th.jpg","images/3/9/7/3974730.jpg","0.247","kg","","","","","1","SORBENT TOILET TISSUE","3974730 9310004100226 40 PACK 40PACK","0","0","1","0"
"3974718P","Product","0","1.3.1229.1.2","","3PLY GOLD LOTIONISED","SORBENT TOILET TISSU","","images/3/9/7/3974718-th.jpg","images/3/9/7/3974718.jpg","1.03","kg","","","","","1","SORBENT TOILET TISSUE","3974718 9310004121276 12 PACK 12PACK","0","0","1","0"
"3974092P","Product","0","1.3.1229.1.2","","SILKY WHITE","SORBENT TOILET TISSU","","images/3/9/7/3974092-th.jpg","images/3/9/7/3974092.jpg","1.34","kg","","","","","1","SORBENT TOILET TISSUE","3974092 9310004111321 16 PACK 16PACK","0","0","1","0"
"3032841P","Product","0","1.3.7030.1.1","","BEIGE COMPACT FOUNDATION","L'OREAL INFALLIBLE #","","images/3/0/3/3032841-th.jpg","images/3/0/3/3032841.jpg","0.07","kg","","","","","1","L'OREAL INFALLIBLE","3032841 9344329136110 9 GRAM 9GRAM","0","0","1","1"
"3973985P","Product","0","1.3.1229.1.2","","TOILET TISSUE","KLEENEX ECO TOILET T","","images/3/9/7/3973985-th.jpg","images/3/9/7/3973985.jpg","0.688","kg","","","","","1","KLEENEX ECO","3973985 9310088014402 9 PACK 9PACK","0","0","1","0"
"3951880P","Product","0","1.2.1762.3.1","","BEANS","MCKENZIE'S BORLOTTI","","images/3/9/5/3951880-th.jpg","images/3/9/5/3951880.jpg","0.375","kg","","","","","1","MCKENZIE'S BORLOTTI","3951880 9310061224200 375 GRAM 375GRAM","0","0","1","0"
"3951869P","Product","0","1.2.1762.3.1","","KIDNEY BEANS","MCKENZIE'S RED KIDNE","","images/3/9/5/3951869-th.jpg","images/3/9/5/3951869.jpg","0.375","kg","","","","","1","MCKENZIE'S RED","3951869 9310061221506 375 GRAM 375GRAM","0","0","1","0"
"3950946P","Product","0","1.2.1762.3.1","","PEAS","MCKENZIE'S CHICK PEA","","images/3/9/5/3950946-th.jpg","images/3/9/5/3950946.jpg","1","kg","","","","","1","MCKENZIES CHICK","3950946 9310061125002 1 KG 1KG","0","0","1","0"
"3950378P","Product","0","1.2.1762.10.1","","7 VEG W SUPERFOOD QUINOA","Heinz Plant Proteinz","","images/3/9/5/3950378-th.jpg","images/3/9/5/3950378.jpg","0.33","kg","","","","","1","HEINZ PLANT PROTEINZ SOUP","3950378 9300657225438 330 GRAM 330GRAM","0","0","1","0"
"3948842P","Product","0","1.2.1762.10.1","","COCONUT PUMPKIN & CHICKPE","Heinz Plant Proteinz","","images/3/9/4/3948842-th.jpg","images/3/9/4/3948842.jpg","0.33","kg","","","","","1","HEINZ PLANT PROTEINZ SOUP","3948842 9300657225407 330 GRAM 330GRAM","0","0","1","0"
"3948106P","Product","0","1.2.1762.4.4","","QUINOA KALE LENTIL SOUP","AMY'S KICTHEN ORGANI","","images/3/9/4/3948106-th.jpg","images/3/9/4/3948106.jpg","0.408","kg","","","","","1","AMYS KITCHEN ORGANIC","3948106 042272006854 408 GRAM 408GRAM","0","0","1","0"
"3947690P","Product","0","1.2.1762.4.4","","BONE BRTH MOROCCAN SOUP","Campbells Country La","","images/3/9/4/3947690-th.jpg","images/3/9/4/3947690.jpg","0.505","kg","","","","","1","CAMPBELLS COUNTRY LADLE","3947690 9300644705530 505 GRAM 505GRAM","0","0","1","0"
"3947522P","Product","0","1.2.1762.4.4","","BONE BRTH LENTIL VEG SOUP","Campbells Country La","","images/3/9/4/3947522-th.jpg","images/3/9/4/3947522.jpg","0.505","kg","","","","","1","CAMPBELLS COUNTRY LADLE","3947522 9300644705424 505 GRAM 505GRAM","0","0","1","0"
"3943758P","Product","0","1.2.1762.10.1","","& POTATO SOUP POUCH","COLES CHEESY BROCCOL","","images/3/9/4/3943758-th.jpg","images/3/9/4/3943758.jpg","0.44","kg","","","","","1","COLES CHEESY BROCCOLI","3943758 9310645327556 430 GRAM 430GRAM","0","0","1","0"
"3943725P","Product","0","1.2.1762.10.1","","SOUP POUCH","COLES CREAMY CHICKEN","","images/3/9/4/3943725-th.jpg","images/3/9/4/3943725.jpg","0.44","kg","","","","","1","COLES CREAMY CHICKEN","3943725 9310645327549 430 GRAM 430GRAM","0","0","1","0"
"3943689P","Product","0","1.2.1762.10.1","","BEANS & KALE SOUP POUCH","COLES ZESTY CHICKEN","","images/3/9/4/3943689-th.jpg","images/3/9/4/3943689.jpg","0.44","kg","","","","","1","COLES ZESTY CHICKEN WHITE","3943689 9310645327525 430 GRAM 430GRAM","0","0","1","0"
"3942664P","Product","0","1.2.1762.1.5","","PHO W NOODLES","COLES 2 SERVE SOUP B","","images/3/9/4/3942664-th.jpg","images/3/9/4/3942664.jpg","0.07","kg","","","","","1","COLES 2 SERVE SOUP BEEF","3942664 9310645327037 60 GRAM 60GRAM","0","0","1","0"
"3928583P","Product","0","8.19.7719.12.1","","GLIDER DISCS","GLIDER DISCS","","images/3/9/2/3928583-th.jpg","images/3/9/2/3928583.jpg","","","","","","","1","SPORTSLIFE","3928583 9333527608673 1 SET 1SET","0","0","1","0"
"3928550P","Product","0","8.19.7719.12.1","","AND WRIST WEIGHTS","2KG ANKLE AND WRIST","","images/3/9/2/3928550-th.jpg","images/3/9/2/3928550.jpg","","","","","","","1","SPORTSLIFE 2KG ANKLE","3928550 9333527608659 1 EACH 1EACH","0","0","1","0"
"3928539P","Product","0","8.19.7719.12.1","","BANDS","RESISTANCE BAND SETS","","images/3/9/2/3928539-th.jpg","images/3/9/2/3928539.jpg","","","","","","","1","SPORTSLIFE RESISTANCE","3928539 9333527608635 1 SET 1SET","0","0","1","0"
"3925133P","Product","0","8.19.7719.12.1","","EXERCISE TRAMPOLINE","EXERCISE TRAMPOLINE","","images/3/9/2/3925133-th.jpg","images/3/9/2/3925133.jpg","","","","","","","1","PLAYER","3925133 9328936102256 1 EACH 1EACH","0","0","1","0"
"3796664P","Product","0","2.5.1755.1.9","","Smoked Salmon","","","images/3/7/9/3796664-th.jpg","images/3/7/9/3796664.jpg","0.38","KGM","","","","","1","Ocean Blue","3796664  9343005007188qxz 350 gram 350gram","0","1","0","0"
"3668132P","Product","0","1.3.1182.1.3","","Menthol Green Cigarettes","Prices include all taxes","","images/C/i/g/Cigarettes-th.jpg","images/C/i/g/Cigarettes.jpg","0.1","KGM","","","","","1","Rothmans","3668132 Smokes 400003566099qxz 40 pack 40pack","0","1","0","0"
"3668100P","Product","0","1.3.1182.1.3","","Red Cigarettes","Prices include all taxes","","images/C/i/g/Cigarettes-th.jpg","images/C/i/g/Cigarettes.jpg","0.1","KGM","","","","","1","Rothmans","3668100 Smokes 400003566068qxz 40 pack 40pack","0","1","0","0"
"3505739P","Product","0","1.2.1762.2.2","","TOM YUM CUP","HART & SOUL SOUP TOM","","images/3/5/0/3505739-th.jpg","images/3/5/0/3505739.jpg","0.1","kg","","","","","1","HART & SOUL SOUP","3505739 9350007001335 100 GRAM 100GRAM","0","0","1","0"
"3505717P","Product","0","1.2.1762.2.2","","WONTON CUP","HART & SOUL SOUP WON","","images/3/5/0/3505717-th.jpg","images/3/5/0/3505717.jpg","0.1","kg","","","","","1","HART & SOUL SOUP","3505717 9350007001328 100 GRAM 100GRAM","0","0","1","0"
"3186608P","Product","0","2.5.1960.3.1","","Probiotic Filmjolk Yoghurt Blueberry","","<p>Rokeby Farms Filmjolk Probiotic Blueberry Flavoured Milk is a traditional cultured milk from Sweden that dates back to the Viking days. Made with fresh milk sourced from local Gippsland farms, this probiotic milk is slow-fermented the authentic Swedish way. With 15 live and active cultures and 50+ billion good bacteria per serve, this probiotic milk helps maintain healthy gut flora and regulate your digestive system. </p> <ul> <li>Contains live cultures and probiotics</li> <li>No powders</li> <li>Gluten-free</li> <li>Made in Australia from at least 96% Australian ingredients</li> </ul>","images/3/1/8/3186608-th.jpg","images/3/1/8/3186608.jpg","0.77","KGM","","","","","1","Rokeby Farms","3186608  9336243004729qxz 750 ml 750ml","0","1","0","0"
"4160461P","Product","0","2.5.1533.2.1","","FLIP YOGHURT 140G","CHOBANI VALENTINES","","images/4/1/6/4160461-th.jpg","images/4/1/6/4160461.jpg","0.14","kg","","","","","1","CHOBANI VALENTINES DAY","4160461 93563833 140 GRAM 140GRAM","0","0","1","0"
"4147689P","Product","0","5.13.4022.8.5","","TIRAMISU","COLES TIRAMISU 500G","","images/4/1/4/4147689-th.jpg","images/4/1/4/4147689.jpg","","","","","","","1","COLES","4147689 9310645330129 500 GRAM 500GRAM","0","0","1","0"
"3942686P","Product","0","1.2.1762.1.5","","BROCCOLI & CAULIFLOWER","COLES 2 SERVE SOUP C","","images/3/9/4/3942686-th.jpg","images/3/9/4/3942686.jpg","0.07","kg","","","","","1","COLES 2 SERVE SOUP CHEESY","3942686 9310645327044 60 GRAM 60GRAM","0","0","1","0"
"3948842","Item","0","1.2.1762.10.1","3948842P","COCONUT PUMPKIN & CHICKPE","Heinz Plant Proteinz","","images/3/9/4/3948842-th.jpg","images/3/9/4/3948842.jpg","0.33","kg","","","","","1","HEINZ PLANT PROTEINZ SOUP","3948842 9300657225407 330 GRAM 330GRAM","0","0","1","0"
"3995784","Item","0","1.1.1335.2.1","3995784P","SWEET CHILLI 5 PACK","RED ROCK DELI POTATO","","images/3/9/9/3995784-th.jpg","images/3/9/9/3995784.jpg","0.14","kg","","","","","1","RED ROCK DELI CHIPS","3995784 9310015250552 140 GRAM 140GRAM","0","0","1","0"
"3978774","Item","0","1.3.1229.1.2","3978774P","TOILET TISSUE","QUILTON ROYAL 3PLY T","","images/3/9/7/3978774-th.jpg","images/3/9/7/3978774.jpg","1.3","kg","","","","","1","QUILTON ROYAL 3PLY","3978774 9311505816340 16 PACK 16PACK","0","0","1","0"
"3974730","Item","0","1.3.1229.1.2","3974730P","HYPO ALLERG FLUSH WIPES","SORBENT TOILET TISSU","","images/3/9/7/3974730-th.jpg","images/3/9/7/3974730.jpg","0.247","kg","","","","","1","SORBENT TOILET TISSUE","3974730 9310004100226 40 PACK 40PACK","0","0","1","0"
"3974682","Item","0","1.3.1229.1.2","3974682P","DOUBLE LENGTH","SORBENT TOILET TISSU","","images/3/9/7/3974682-th.jpg","images/3/9/7/3974682.jpg","0.7","kg","","","","","1","SORBENT TOILET TISSUE","3974682 9310004121177 12 PACK 12PACK","0","0","1","0"
"3974092","Item","0","1.3.1229.1.2","3974092P","SILKY WHITE","SORBENT TOILET TISSU","","images/3/9/7/3974092-th.jpg","images/3/9/7/3974092.jpg","1.34","kg","","","","","1","SORBENT TOILET TISSUE","3974092 9310004111321 16 PACK 16PACK","0","0","1","0"
"3973941","Item","0","1.3.1229.1.2","3973941P","TOILET TISSUE","KLEENEX ECO TOILET T","","images/3/9/7/3973941-th.jpg","images/3/9/7/3973941.jpg","0.306","kg","","","","","1","KLEENEX ECO","3973941 9310088014396 4 PACK 4PACK","0","0","1","0"
"3953671","Item","0","1.3.1229.1.2","3953671P","RECYCLED TOILET TISSUE","COLES SO SOFT 3 PLY","","images/3/9/5/3953671-th.jpg","images/3/9/5/3953671.jpg","0.09","kg","","","","","1","COLES SO SOFT 3PLY","3953671 9310645327808 12 PACK 12PACK","0","0","1","0"
"3951880","Item","0","1.2.1762.3.1","3951880P","BEANS","MCKENZIE'S BORLOTTI","","images/3/9/5/3951880-th.jpg","images/3/9/5/3951880.jpg","0.375","kg","","","","","1","MCKENZIE'S BORLOTTI","3951880 9310061224200 375 GRAM 375GRAM","0","0","1","0"
"3950378","Item","0","1.2.1762.10.1","3950378P","7 VEG W SUPERFOOD QUINOA","Heinz Plant Proteinz","","images/3/9/5/3950378-th.jpg","images/3/9/5/3950378.jpg","0.33","kg","","","","","1","HEINZ PLANT PROTEINZ SOUP","3950378 9300657225438 330 GRAM 330GRAM","0","0","1","0"
"3948922","Item","0","1.2.1762.10.1","3948922P","MEXICAN STY CORN W BEAN","Heinz Plant Proteinz","","images/3/9/4/3948922-th.jpg","images/3/9/4/3948922.jpg","0.33","kg","","","","","1","HEINZ PLANT PROTEINZ SOUP","3948922 9300657225452 330 GRAM 330GRAM","0","0","1","0"
"3948911","Item","0","1.2.1762.10.1","3948911P","LENTIL & SW POTATO DAHL","HEINZ PLANT PROTEINZ","","images/3/9/4/3948911-th.jpg","images/3/9/4/3948911.jpg","0.33","kg","","","","","1","HEINZ PLANT PROTEINZ SOUP","3948911 9300657225445 330 GRAM 330GRAM","0","0","1","0"
"3948150","Item","0","1.2.1762.10.1","3948150P","CASHEW SOUP POUCH","HART & SOUL CAULIFLO","","images/3/9/4/3948150-th.jpg","images/3/9/4/3948150.jpg","0.4","kg","","","","","1","HART & SOUL CAULIFLOWER &","3948150 9350007001366 400 GRAM 400GRAM","0","0","1","0"
"3947566","Item","0","1.2.1762.4.4","3947566P","CONE BRTH MUSHROOM SOUP","Campbells Country La","","images/3/9/4/3947566-th.jpg","images/3/9/4/3947566.jpg","0.505","kg","","","","","1","CAMPBELLS COUNTRY LADLE","3947566 9300644705400 505 GRAM 505GRAM","0","0","1","0"
"4193981","Item","0","1.3.7030.11.1","4193981P","PRE PACK 03 FEB 2021","MAYBELLINE PRE PACK","","images/4/1/9/4193981-th.jpg","images/4/1/9/4193981.jpg","3.83","kg","","","","","1","MAYBELLINE","4193981 9344329219257 1 EACH 1EACH","0","0","1","0"
"3947500","Item","0","1.2.1762.4.4","3947500P","BONE BRTH CHK BEAN SOUP","Campbells Country La","","images/3/9/4/3947500-th.jpg","images/3/9/4/3947500.jpg","0.505","kg","","","","","1","CAMPBELLS COUNTRY LADLE","3947500 9300644705417 505 GRAM 505GRAM","0","0","1","0"
"3946406","Item","0","8.19.7719.12.1","3946406P","26L AIR FRYER OVEN","GERMANICA 25L AIR FR","","images/3/9/4/3946406-th.jpg","images/3/9/4/3946406.jpg","","","","","","","1","GERMANICA","3946406 9351521006677 1 EACH 1EACH","0","0","1","0"
"3943758","Item","0","1.2.1762.10.1","3943758P","& POTATO SOUP POUCH","COLES CHEESY BROCCOL","","images/3/9/4/3943758-th.jpg","images/3/9/4/3943758.jpg","0.44","kg","","","","","1","COLES CHEESY BROCCOLI","3943758 9310645327556 430 GRAM 430GRAM","0","0","1","0"
"3928594","Item","0","8.19.7719.12.1","3928594P","THERAPY BALL","MASSAGE THERAPY BALL","","images/3/9/2/3928594-th.jpg","images/3/9/2/3928594.jpg","","","","","","","1","SPORTSLIFE MASSAGE","3928594 9333527608680 2 PACK 2PACK","0","0","1","0"
"3928572","Item","0","8.19.7719.12.1","3928572P","SLAM BALL 8KG","8KG SLAM BALL","","images/3/9/2/3928572-th.jpg","images/3/9/2/3928572.jpg","","","","","","","1","SPORTSLIFE","3928572 9333527608666 1 EACH 1EACH","0","0","1","0"
"3928539","Item","0","8.19.7719.12.1","3928539P","BANDS","RESISTANCE BAND SETS","","images/3/9/2/3928539-th.jpg","images/3/9/2/3928539.jpg","","","","","","","1","SPORTSLIFE RESISTANCE","3928539 9333527608635 1 SET 1SET","0","0","1","0"
"3925133","Item","0","8.19.7719.12.1","3925133P","EXERCISE TRAMPOLINE","EXERCISE TRAMPOLINE","","images/3/9/2/3925133-th.jpg","images/3/9/2/3925133.jpg","","","","","","","1","PLAYER","3925133 9328936102256 1 EACH 1EACH","0","0","1","0"
"3796664","Item","0","2.5.1755.1.9","3796664P","Smoked Salmon","","","images/3/7/9/3796664-th.jpg","images/3/7/9/3796664.jpg","0.38","KGM","","","","","1","Ocean Blue","3796664  9343005007188qxz 350 gram 350gram","0","1","0","0"
"3716177","Item","0","1.2.1762.2.1","3716177P","SOUP POTATO & LEEK","CONTINENTAL SENSATIO","","images/3/7/1/3716177-th.jpg","images/3/7/1/3716177.jpg","0.06","kg","","","","","1","CONTINENTAL SENSATIONS 2S","3716177 9300830057542 60 GRAM 60GRAM","0","0","1","0"
"3668132","Item","0","1.3.1182.1.3","3668132P","Menthol Green Cigarettes","Prices include all taxes","","images/C/i/g/Cigarettes-th.jpg","images/C/i/g/Cigarettes.jpg","0.1","KGM","","","","","1","Rothmans","3668132 Smokes 400003566099qxz 40 pack 40pack","0","1","0","0"
"3505739","Item","0","1.2.1762.2.2","3505739P","TOM YUM CUP","HART & SOUL SOUP TOM","","images/3/5/0/3505739-th.jpg","images/3/5/0/3505739.jpg","0.1","kg","","","","","1","HART & SOUL SOUP","3505739 9350007001335 100 GRAM 100GRAM","0","0","1","0"
"3505706","Item","0","1.2.1762.2.2","3505706P","PHO CUP","HART & SOUL SOUP PHO","","images/3/5/0/3505706-th.jpg","images/3/5/0/3505706.jpg","0.1","kg","","","","","1","HART & SOUL SOUP","3505706 9350007001311 100 GRAM 100GRAM","0","0","1","0"
"2846745","Item","0","2.5.1755.1.11","2846745P","Sliced Smoked Salmon","","","images/2/8/4/2846745-th.jpg","images/2/8/4/2846745.jpg","0.07","KGM","","","","","1","Ocean Blue"," ","0","1","0","0"
"2740766","Item","0","2.5.1755.2.1","2740766P","Sliced Smoked Ocean Trout","","","images/2/7/4/2740766-th.jpg","images/2/7/4/2740766.jpg","0.12","KGM","","","","","1","Ocean Blue"," ","0","1","0","0"
"8368464","Item","0","5.13.4079.1.1","8368464P","Fruit Free Hot Cross Buns","","-","images/8/3/6/8368464-th.jpg","images/8/3/6/8368464.jpg","0.36","KGM","","","","","1","Coles"," ","0","1","0","0"
"4882003","Item","0","5.13.4079.1.1","4882003P","Chocolate Hot Cross Buns","","-","images/4/8/8/4882003-th.jpg","images/4/8/8/4882003.jpg","0.2","KGM","","","","","1","Coles"," ","0","1","0","0"
"4160461","Item","0","2.5.1533.2.1","4160461P","FLIP YOGHURT 140G","CHOBANI VALENTINES","","images/4/1/6/4160461-th.jpg","images/4/1/6/4160461.jpg","0.14","kg","","","","","1","CHOBANI VALENTINES DAY","4160461 93563833 140 GRAM 140GRAM","0","0","1","0"
"3995773","Item","0","1.1.1335.2.1","3995773P","HONEY SOY CHICKEN 5 PACK","RED ROCK DELI POTATO","","images/3/9/9/3995773-th.jpg","images/3/9/9/3995773.jpg","0.14","kg","","","","","1","RED ROCK DELI CHIPS","3995773 9310015250545 140 GRAM 140GRAM","0","0","1","0"
"3186561","Item","0","2.5.1960.3.1","3186561P","Probiotic Filmjolk Yoghurt Natural","","<p>Maintain healthy gut flora and regulate your digestive system with Rokeby Farms Filmjolk Probiotic Natural Milk. It's a traditional cultured milk from Sweden that dates back to the Viking days, made with fresh milk sourced from local Gippsland farms. It contains 15 live and active cultures and 50+ billion good bacteria per serve. </p> <ul> <li>No powders and added sugar</li><li>Fermented the authentic Swedish way</li> <li>Packed with protein and calcium</li> <li>Gluten-free</li> <li>Made in Australia from at least 99% Australian ingredients</li> </ul>","images/3/1/8/3186561-th.jpg","images/3/1/8/3186561.jpg","0.77","KGM","","","","","1","Rokeby Farms","3186561  9336243004712qxz 750 ml 750ml","0","1","0","0"
"3974718","Item","0","1.3.1229.1.2","3974718P","3PLY GOLD LOTIONISED","SORBENT TOILET TISSU","","images/3/9/7/3974718-th.jpg","images/3/9/7/3974718.jpg","1.03","kg","","","","","1","SORBENT TOILET TISSUE","3974718 9310004121276 12 PACK 12PACK","0","0","1","0"
"3974015","Item","0","1.3.1229.1.2","3974015P","DOUBLE LENGTH","KLEENEX ECO TOILET T","","images/3/9/7/3974015-th.jpg","images/3/9/7/3974015.jpg","1.184","kg","","","","","1","KLEENEX ECO TOILET TISSUE","3974015 9310088014419 8 PACK 8PACK","0","0","1","0"
"3973985","Item","0","1.3.1229.1.2","3973985P","TOILET TISSUE","KLEENEX ECO TOILET T","","images/3/9/7/3973985-th.jpg","images/3/9/7/3973985.jpg","0.688","kg","","","","","1","KLEENEX ECO","3973985 9310088014402 9 PACK 9PACK","0","0","1","0"
"3951869","Item","0","1.2.1762.3.1","3951869P","KIDNEY BEANS","MCKENZIE'S RED KIDNE","","images/3/9/5/3951869-th.jpg","images/3/9/5/3951869.jpg","0.375","kg","","","","","1","MCKENZIE'S RED","3951869 9310061221506 375 GRAM 375GRAM","0","0","1","0"
"3950946","Item","0","1.2.1762.3.1","3950946P","PEAS","MCKENZIE'S CHICK PEA","","images/3/9/5/3950946-th.jpg","images/3/9/5/3950946.jpg","1","kg","","","","","1","MCKENZIES CHICK","3950946 9310061125002 1 KG 1KG","0","0","1","0"
"3950389","Item","0","1.2.1762.10.1","3950389P","SPANISH TOMATO & LENTIL","HEINZ PLANT PROTEINZ","","images/3/9/5/3950389-th.jpg","images/3/9/5/3950389.jpg","0.33","kg","","","","","1","HEINZ PLANT PROTEINZ SOUP","3950389 9300657225476 330 GRAM 330GRAM","0","0","1","0"
"3032841","Item","0","1.3.7030.1.1","3032841P","BEIGE COMPACT FOUNDATION","L'OREAL INFALLIBLE #","","images/3/0/3/3032841-th.jpg","images/3/0/3/3032841.jpg","0.07","kg","","","","","1","L'OREAL INFALLIBLE","3032841 9344329136110 9 GRAM 9GRAM","0","0","1","1"
"3948106","Item","0","1.2.1762.4.4","3948106P","QUINOA KALE LENTIL SOUP","AMY'S KICTHEN ORGANI","","images/3/9/4/3948106-th.jpg","images/3/9/4/3948106.jpg","0.408","kg","","","","","1","AMYS KITCHEN ORGANIC","3948106 042272006854 408 GRAM 408GRAM","0","0","1","0"
"3947690","Item","0","1.2.1762.4.4","3947690P","BONE BRTH MOROCCAN SOUP","Campbells Country La","","images/3/9/4/3947690-th.jpg","images/3/9/4/3947690.jpg","0.505","kg","","","","","1","CAMPBELLS COUNTRY LADLE","3947690 9300644705530 505 GRAM 505GRAM","0","0","1","0"
"3947522","Item","0","1.2.1762.4.4","3947522P","BONE BRTH LENTIL VEG SOUP","Campbells Country La","","images/3/9/4/3947522-th.jpg","images/3/9/4/3947522.jpg","0.505","kg","","","","","1","CAMPBELLS COUNTRY LADLE","3947522 9300644705424 505 GRAM 505GRAM","0","0","1","0"
"3943725","Item","0","1.2.1762.10.1","3943725P","SOUP POUCH","COLES CREAMY CHICKEN","","images/3/9/4/3943725-th.jpg","images/3/9/4/3943725.jpg","0.44","kg","","","","","1","COLES CREAMY CHICKEN","3943725 9310645327549 430 GRAM 430GRAM","0","0","1","0"
"3943689","Item","0","1.2.1762.10.1","3943689P","BEANS & KALE SOUP POUCH","COLES ZESTY CHICKEN","","images/3/9/4/3943689-th.jpg","images/3/9/4/3943689.jpg","0.44","kg","","","","","1","COLES ZESTY CHICKEN WHITE","3943689 9310645327525 430 GRAM 430GRAM","0","0","1","0"
"3943656","Item","0","1.2.1762.10.1","3943656P","7 VEG & 3 BEAN SOUP","COLES POUCH TUSCAN S","","images/3/9/4/3943656-th.jpg","images/3/9/4/3943656.jpg","0.44","kg","","","","","1","COLES POUCH TUSCAN STYLE","3943656 9310645327532 430 GRAM 430GRAM","0","0","1","0"
"3942686","Item","0","1.2.1762.1.5","3942686P","BROCCOLI & CAULIFLOWER","COLES 2 SERVE SOUP C","","images/3/9/4/3942686-th.jpg","images/3/9/4/3942686.jpg","0.07","kg","","","","","1","COLES 2 SERVE SOUP CHEESY","3942686 9310645327044 60 GRAM 60GRAM","0","0","1","0"
"3942664","Item","0","1.2.1762.1.5","3942664P","PHO W NOODLES","COLES 2 SERVE SOUP B","","images/3/9/4/3942664-th.jpg","images/3/9/4/3942664.jpg","0.07","kg","","","","","1","COLES 2 SERVE SOUP BEEF","3942664 9310645327037 60 GRAM 60GRAM","0","0","1","0"
"3942653","Item","0","1.2.1762.1.5","3942653P","TOMATO & BASIL W CROUTONS","COLES 2 SERVE SOUP C","","images/3/9/4/3942653-th.jpg","images/3/9/4/3942653.jpg","0.07","kg","","","","","1","COLES 2 SERVE SOUP CREAMY","3942653 9310645327051 60 GRAM 60GRAM","0","0","1","0"
"3928583","Item","0","8.19.7719.12.1","3928583P","GLIDER DISCS","GLIDER DISCS","","images/3/9/2/3928583-th.jpg","images/3/9/2/3928583.jpg","","","","","","","1","SPORTSLIFE","3928583 9333527608673 1 SET 1SET","0","0","1","0"
"3928550","Item","0","8.19.7719.12.1","3928550P","AND WRIST WEIGHTS","2KG ANKLE AND WRIST","","images/3/9/2/3928550-th.jpg","images/3/9/2/3928550.jpg","","","","","","","1","SPORTSLIFE 2KG ANKLE","3928550 9333527608659 1 EACH 1EACH","0","0","1","0"
"3928540","Item","0","8.19.7719.12.1","3928540P","ADJUSTABLE WEIGHT VEST","10KG ADJUSTABLE WEIG","","images/3/9/2/3928540-th.jpg","images/3/9/2/3928540.jpg","","","","","","","1","SPORTSLIFE 10KG","3928540 9333527608642 1 EACH 1EACH","0","0","1","0"
"3928528","Item","0","8.19.7719.12.1","3928528P","YOGA MAT ROLLER","3 IN 1 FOAM ROLLER W","","images/3/9/2/3928528-th.jpg","images/3/9/2/3928528.jpg","","","","","","","1","SPORTSLIFE 3 IN 1","3928528 9333527608628 1 SET 1SET","0","0","1","0"
"3919913","Item","0","1.3.1229.1.2","3919913P","TOILET TISSUE DBL LENGTH","COLES SO SOFT TOILET","","images/3/9/1/3919913-th.jpg","images/3/9/1/3919913.jpg","1.7","kg","","","","","1","COLES SO SOFT  3PLY","3919913 9310645324319 8 PACK 8PACK","0","0","1","0"
"3780303","Item","0","1.2.1908.4.6","3780303P","Coco Pops White Chocolate Flavour","","Coco Pops is the tasty breakfast treat that kids have loved for generations and now it's available in white choc flavour!<br /><br />Kellogg's Coco Pops White Choc Flavour is a white choc flavoured puffed rice cereal that contains no artificial colours, flavours or preservatives.<br /><br />Enjoy with ice cold milk or as a crispy delicious snack. Why not surprise the kids with an afternoon treat of Coco Pops White Choc Flavour?<br /><br />Just like a white choc milkshake... only crunchy!<li>Source of 4 vitamins - including B2, Niacin, B6 & Folate</li><li>Source of Iron</li><li>Source of Zinc</li><li>No artificial colours</li><li>No artificial flavours</li><li>No preservatives.</li>","images/3/7/8/3780303-th.jpg","images/3/7/8/3780303.jpg","0.37","KGM","","","","","1","Kellogg's"," ","0","1","0","0"
"3770795","Item","0","2.5.1755.1.9","3770795P","Sliced Smoked Salmon","","","images/3/7/7/3770795-th.jpg","images/3/7/7/3770795.jpg","0.2","KGM","","","","","1","Ocean Blue"," ","0","1","0","0"
"3668110","Item","0","1.3.1182.1.3","3668110P","Gold Cigarettes","Prices include all taxes","","images/C/i/g/Cigarettes-th.jpg","images/C/i/g/Cigarettes.jpg","0.1","KGM","","","","","1","Rothmans","3668110 Smokes 400003566075qxz 40 pack 40pack","0","1","0","0"
"3668100","Item","0","1.3.1182.1.3","3668100P","Red Cigarettes","Prices include all taxes","","images/C/i/g/Cigarettes-th.jpg","images/C/i/g/Cigarettes.jpg","0.1","KGM","","","","","1","Rothmans","3668100 Smokes 400003566068qxz 40 pack 40pack","0","1","0","0"
"3505896","Item","0","1.2.1762.2.2","3505896P","CHICKEN NOODLE CUP","HART & SOUL SOUP CHI","","images/3/5/0/3505896-th.jpg","images/3/5/0/3505896.jpg","0.1","kg","","","","","1","HART & SOUL SOUP","3505896 9350007001076 100 GRAM 100GRAM","0","0","1","0"
"3505717","Item","0","1.2.1762.2.2","3505717P","WONTON CUP","HART & SOUL SOUP WON","","images/3/5/0/3505717-th.jpg","images/3/5/0/3505717.jpg","0.1","kg","","","","","1","HART & SOUL SOUP","3505717 9350007001328 100 GRAM 100GRAM","0","0","1","0"
"3270715","Item","0","1.2.1762.4.1","3270715P","LENTIL SOUP POUCH","HART & SOUL COCONUT","","images/3/2/7/3270715-th.jpg","images/3/2/7/3270715.jpg","0.4","kg","","","","","1","HART & SOUL COCONUT","3270715 9350007005562 400 GRAM 400GRAM","0","0","1","0"
"3270657","Item","0","1.2.1762.4.1","3270657P","SOUP POUCH","HART & SOUL LAKSA SO","","images/3/2/7/3270657-th.jpg","images/3/2/7/3270657.jpg","0.4","kg","","","","","1","HART & SOUL LAKSA","3270657 9350007002226 400 GRAM 400GRAM","0","0","1","0"
"3186608","Item","0","2.5.1960.3.1","3186608P","Probiotic Filmjolk Yoghurt Blueberry","","<p>Rokeby Farms Filmjolk Probiotic Blueberry Flavoured Milk is a traditional cultured milk from Sweden that dates back to the Viking days. Made with fresh milk sourced from local Gippsland farms, this probiotic milk is slow-fermented the authentic Swedish way. With 15 live and active cultures and 50+ billion good bacteria per serve, this probiotic milk helps maintain healthy gut flora and regulate your digestive system. </p> <ul> <li>Contains live cultures and probiotics</li> <li>No powders</li> <li>Gluten-free</li> <li>Made in Australia from at least 96% Australian ingredients</li> </ul>","images/3/1/8/3186608-th.jpg","images/3/1/8/3186608.jpg","0.77","KGM","","","","","1","Rokeby Farms","3186608  9336243004729qxz 750 ml 750ml","0","1","0","0"
"4147689","Item","0","5.13.4022.8.5","4147689P","TIRAMISU","COLES TIRAMISU 500G","","images/4/1/4/4147689-th.jpg","images/4/1/4/4147689.jpg","","","","","","","1","COLES","4147689 9310645330129 500 GRAM 500GRAM","0","0","1","0"
"3991105","Item","0","2.5.1779.4.6","3991105P","BLUEBERRYDANISH","SARA LEE BLUEBERRY D","","images/3/9/9/3991105-th.jpg","images/3/9/9/3991105.jpg","0.4","kg","","","","","1","SARA LEE","3991105 9310135165880 400 GRAM 400GRAM","0","0","1","0"
"3947555","Item","0","1.2.1762.4.4","3947555P","BONE BRTH PUMPKIN SOUP","Campbells Country La","","images/3/9/4/3947555-th.jpg","images/3/9/4/3947555.jpg","0.505","kg","","","","","1","CAMPBELLS COUNTRY LADLE","3947555 9300644705431 505 GRAM 505GRAM","0","0","1","0"
