PartNumber,Sequence,Usage,AssetPath,AssetUrl,Name,ShortDescription,LongDescription,LanguageId,Delete
6344308P,1,IMAGES,,images/6/3/4/5595856-1.jpg,image1 imagename,mainimage imageSD,mainimage imageLD,,
6344308P,1,THUMBNAIL,,images/6/3/4/5595856-1-th.jpg,image1 imagename,thumbnail imageSD,thumbnail imageLD,,
6344308P,1,ZOOM,,images/6/3/4/5595856-1-zm.jpg,image1 zoomname,zoom zoomSD,zoom zoomLD,,
6344308P,2,IMAGES,,images/6/3/4/5595856-2.jpg,image1 imagename,mainimage imageSD,mainimage imageLD,,
6344308P,2,THUMBNAIL,,images/6/3/4/5595856-2-th.jpg,image1 imagename,thumbnail imageSD,thumbnail imageLD,,
6344308P,2,ZOOM,,images/6/3/4/5595856-2-zm.jpg,image1 zoomname,zoom zoomSD,zoom zoomLD,,
5984520P,1,IMAGES,,images/5/9/8/5984520P-1.jpg,image1 imagename,mainimage imageSD,mainimage imageLD,,
5984520P,1,THUMBNAIL,,images/5/9/8/5984520P-1-th.jpg,image1 imagename,thumbnail imageSD,thumbnail imageLD,,
5984520P,1,ZOOM,,images/5/9/8/5984520P-1-zm.jpg,image1 zoomname,zoom zoomSD,zoom zoomLD,,
6914188P,1,IMAGES,,images/6/9/1/6914188P-1.jpg,image1 imagename,mainimage imageSD,mainimage imageLD,,
6914188P,1,THUMBNAIL,,images/6/9/1/6914188P-1-th.jpg,image1 imagename,thumbnail imageSD,thumbnail imageLD,,
6914188P,1,ZOOM,,images/6/9/1/6914188P-1-zm.jpg,image1 zoomname,zoom zoomSD,zoom zoomLD,,