"StoreIdentifier","PartNumber","Description","PriceInAUD","Delete","StartDate","EndDate","Identifier","TicketType","Field1","Precedence","PriceListName"
"CO-VIC-METRO","2892957","","8.5","0","18/01/2020 0:00","16/10/2020 23:59","158059401","V","","100","CO-VIC-METRO ProductsPriceList"
"CO-WA-METRO","9693915","","10.3","0","18/01/2020 0:00","16/10/2020 23:59","158059455","V","","100","CO-WA-METRO ProductsPriceList"
"CO-NSW-METRO","7206128","","10","0","18/01/2020 0:00","22/09/2020 23:59","202922770","V","","100","CO-NSW-METRO ProductsPriceList"
"CO-NT-METRO","116322","","12","0","25/03/2020 0:00","26/03/2020 23:59","20170118","V","","100","CO-NT-METRO ProductsPriceList"
